"requirement_id","source","requirement","role","object_or_area","execution_packet","implementation_status","verification_status","evidence"
"BP-ADM-001","Master Blueprint §9.1","Organization Admin workspace must provide organization","Organization Admin","organization","03","NOT YET RECONCILED","NOT RUN",""
"BP-ADM-002","Master Blueprint §9.1","Organization Admin workspace must provide sites","Organization Admin","sites","12/13/14","NOT YET RECONCILED","NOT RUN",""
"BP-ADM-003","Master Blueprint §9.1","Organization Admin workspace must provide facilities","Organization Admin","facilities","08","NOT YET RECONCILED","NOT RUN",""
"BP-ADM-004","Master Blueprint §9.1","Organization Admin workspace must provide programs","Organization Admin","programs","03","NOT YET RECONCILED","NOT RUN",""
"BP-ADM-005","Master Blueprint §9.1","Organization Admin workspace must provide teams","Organization Admin","teams","12/13/14","NOT YET RECONCILED","NOT RUN",""
"BP-ADM-006","Master Blueprint §9.1","Organization Admin workspace must provide seasons","Organization Admin","seasons","03","NOT YET RECONCILED","NOT RUN",""
"BP-ADM-007","Master Blueprint §9.1","Organization Admin workspace must provide people","Organization Admin","people","03","NOT YET RECONCILED","NOT RUN",""
"BP-ADM-008","Master Blueprint §9.1","Organization Admin workspace must provide membership","Organization Admin","membership","03","NOT YET RECONCILED","NOT RUN",""
"BP-ADM-009","Master Blueprint §9.1","Organization Admin workspace must provide roles","Organization Admin","roles","02","NOT YET RECONCILED","NOT RUN",""
"BP-ADM-010","Master Blueprint §9.1","Organization Admin workspace must provide configuration","Organization Admin","configuration","12/13/14","NOT YET RECONCILED","NOT RUN",""
"BP-ADM-011","Master Blueprint §9.1","Organization Admin workspace must provide compliance","Organization Admin","compliance","10","NOT YET RECONCILED","NOT RUN",""
"BP-ADM-012","Master Blueprint §9.1","Organization Admin workspace must provide communications","Organization Admin","communications","09","NOT YET RECONCILED","NOT RUN",""
"BP-ADM-013","Master Blueprint §9.1","Organization Admin workspace must provide reports","Organization Admin","reports","11","NOT YET RECONCILED","NOT RUN",""
"BP-ADM-014","Master Blueprint §9.1","Team Manager workspace must provide my teams","Team Manager","my teams","12/13/14","NOT YET RECONCILED","NOT RUN",""
"BP-ADM-015","Master Blueprint §9.1","Team Manager workspace must provide rosters","Team Manager","rosters","05","NOT YET RECONCILED","NOT RUN",""
"BP-ADM-016","Master Blueprint §9.1","Team Manager workspace must provide athletes","Team Manager","athletes","05","NOT YET RECONCILED","NOT RUN",""
"BP-ADM-017","Master Blueprint §9.1","Team Manager workspace must provide groups","Team Manager","groups","05","NOT YET RECONCILED","NOT RUN",""
"BP-ADM-018","Master Blueprint §9.1","Team Manager workspace must provide programs","Team Manager","programs","03","NOT YET RECONCILED","NOT RUN",""
"BP-ADM-019","Master Blueprint §9.1","Team Manager workspace must provide seasons","Team Manager","seasons","03","NOT YET RECONCILED","NOT RUN",""
"BP-ADM-020","Master Blueprint §9.1","Team Manager workspace must provide staff","Team Manager","staff","05","NOT YET RECONCILED","NOT RUN",""
"BP-ADM-021","Master Blueprint §9.1","Team Manager workspace must provide attendance","Team Manager","attendance","05","NOT YET RECONCILED","NOT RUN",""
"BP-ADM-022","Master Blueprint §9.1","Team Manager workspace must provide training","Team Manager","training","05","NOT YET RECONCILED","NOT RUN",""
"BP-ADM-023","Master Blueprint §9.1","Team Manager workspace must provide communication","Team Manager","communication","09","NOT YET RECONCILED","NOT RUN",""
"BP-ADM-024","Master Blueprint §9.1","Team Manager workspace must provide competition preparation","Team Manager","competition preparation","06","NOT YET RECONCILED","NOT RUN",""
"BP-ADM-025","Master Blueprint §9.1","Registrar workspace must provide registration queue","Registrar","registration queue","04","NOT YET RECONCILED","NOT RUN",""
"BP-ADM-026","Master Blueprint §9.1","Registrar workspace must provide eligibility","Registrar","eligibility","10","NOT YET RECONCILED","NOT RUN",""
"BP-ADM-027","Master Blueprint §9.1","Registrar workspace must provide membership","Registrar","membership","03","NOT YET RECONCILED","NOT RUN",""
"BP-ADM-028","Master Blueprint §9.1","Registrar workspace must provide transfers","Registrar","transfers","04","NOT YET RECONCILED","NOT RUN",""
"BP-ADM-029","Master Blueprint §9.1","Registrar workspace must provide duplicate resolution","Registrar","duplicate resolution","04","NOT YET RECONCILED","NOT RUN",""
"BP-ADM-030","Master Blueprint §9.1","Registrar workspace must provide documents","Registrar","documents","12/13/14","NOT YET RECONCILED","NOT RUN",""
"BP-ADM-031","Master Blueprint §9.1","Registrar workspace must provide waivers","Registrar","waivers","10","NOT YET RECONCILED","NOT RUN",""
"BP-ADM-032","Master Blueprint §9.1","Registrar workspace must provide expirations","Registrar","expirations","10","NOT YET RECONCILED","NOT RUN",""
"BP-ADM-033","Master Blueprint §9.1","Registrar workspace must provide approvals","Registrar","approvals","07","NOT YET RECONCILED","NOT RUN",""
"BP-ADM-034","Master Blueprint §9.1","Registrar workspace must provide reports","Registrar","reports","11","NOT YET RECONCILED","NOT RUN",""
"BP-ADM-035","Master Blueprint §9.1","Treasurer workspace must provide financial overview","Treasurer","financial overview","12/13/14","NOT YET RECONCILED","NOT RUN",""
"BP-ADM-036","Master Blueprint §9.1","Treasurer workspace must provide AR","Treasurer","AR","07","NOT YET RECONCILED","NOT RUN",""
"BP-ADM-037","Master Blueprint §9.1","Treasurer workspace must provide AP","Treasurer","AP","07","NOT YET RECONCILED","NOT RUN",""
"BP-ADM-038","Master Blueprint §9.1","Treasurer workspace must provide invoices","Treasurer","invoices","07","NOT YET RECONCILED","NOT RUN",""
"BP-ADM-039","Master Blueprint §9.1","Treasurer workspace must provide payments","Treasurer","payments","07","NOT YET RECONCILED","NOT RUN",""
"BP-ADM-040","Master Blueprint §9.1","Treasurer workspace must provide registration revenue","Treasurer","registration revenue","04","NOT YET RECONCILED","NOT RUN",""
"BP-ADM-041","Master Blueprint §9.1","Treasurer workspace must provide meet revenue","Treasurer","meet revenue","06","NOT YET RECONCILED","NOT RUN",""
"BP-ADM-042","Master Blueprint §9.1","Treasurer workspace must provide expenses","Treasurer","expenses","07","NOT YET RECONCILED","NOT RUN",""
"BP-ADM-043","Master Blueprint §9.1","Treasurer workspace must provide budget","Treasurer","budget","07","NOT YET RECONCILED","NOT RUN",""
"BP-ADM-044","Master Blueprint §9.1","Treasurer workspace must provide cash flow","Treasurer","cash flow","07","NOT YET RECONCILED","NOT RUN",""
"BP-ADM-045","Master Blueprint §9.1","Treasurer workspace must provide reconciliation","Treasurer","reconciliation","07","NOT YET RECONCILED","NOT RUN",""
"BP-ADM-046","Master Blueprint §9.1","Treasurer workspace must provide financial reports","Treasurer","financial reports","11","NOT YET RECONCILED","NOT RUN",""
"BP-ADM-047","Master Blueprint §9.1","Volunteer Coordinator workspace must provide volunteers","Volunteer Coordinator","volunteers","08","NOT YET RECONCILED","NOT RUN",""
"BP-ADM-048","Master Blueprint §9.1","Volunteer Coordinator workspace must provide open positions","Volunteer Coordinator","open positions","08","NOT YET RECONCILED","NOT RUN",""
"BP-ADM-049","Master Blueprint §9.1","Volunteer Coordinator workspace must provide availability","Volunteer Coordinator","availability","08","NOT YET RECONCILED","NOT RUN",""
"BP-ADM-050","Master Blueprint §9.1","Volunteer Coordinator workspace must provide assignments","Volunteer Coordinator","assignments","08","NOT YET RECONCILED","NOT RUN",""
"BP-ADM-051","Master Blueprint §9.1","Volunteer Coordinator workspace must provide credentials","Volunteer Coordinator","credentials","10","NOT YET RECONCILED","NOT RUN",""
"BP-ADM-052","Master Blueprint §9.1","Volunteer Coordinator workspace must provide background checks","Volunteer Coordinator","background checks","08","NOT YET RECONCILED","NOT RUN",""
"BP-ADM-053","Master Blueprint §9.1","Volunteer Coordinator workspace must provide hours","Volunteer Coordinator","hours","08","NOT YET RECONCILED","NOT RUN",""
"BP-ADM-054","Master Blueprint §9.1","Volunteer Coordinator workspace must provide event staffing","Volunteer Coordinator","event staffing","05","NOT YET RECONCILED","NOT RUN",""
"BP-ADM-055","Master Blueprint §9.1","Communications workspace must provide announcements","Communications","announcements","09","NOT YET RECONCILED","NOT RUN",""
"BP-ADM-056","Master Blueprint §9.1","Communications workspace must provide email","Communications","email","09","NOT YET RECONCILED","NOT RUN",""
"BP-ADM-057","Master Blueprint §9.1","Communications workspace must provide SMS","Communications","SMS","09","NOT YET RECONCILED","NOT RUN",""
"BP-ADM-058","Master Blueprint §9.1","Communications workspace must provide templates","Communications","templates","09","NOT YET RECONCILED","NOT RUN",""
"BP-ADM-059","Master Blueprint §9.1","Communications workspace must provide audiences","Communications","audiences","09","NOT YET RECONCILED","NOT RUN",""
"BP-ADM-060","Master Blueprint §9.1","Communications workspace must provide teams","Communications","teams","12/13/14","NOT YET RECONCILED","NOT RUN",""
"BP-ADM-061","Master Blueprint §9.1","Communications workspace must provide coaches","Communications","coaches","12/13/14","NOT YET RECONCILED","NOT RUN",""
"BP-ADM-062","Master Blueprint §9.1","Communications workspace must provide officials","Communications","officials","12/13/14","NOT YET RECONCILED","NOT RUN",""
"BP-ADM-063","Master Blueprint §9.1","Communications workspace must provide volunteers","Communications","volunteers","08","NOT YET RECONCILED","NOT RUN",""
"BP-ADM-064","Master Blueprint §9.1","Communications workspace must provide scheduled messages","Communications","scheduled messages","09","NOT YET RECONCILED","NOT RUN",""
"BP-ADM-065","Master Blueprint §9.1","Communications workspace must provide history","Communications","history","12/13/14","NOT YET RECONCILED","NOT RUN",""
"BP-ADM-066","Master Blueprint §9.1","Compliance workspace must provide credentials","Compliance","credentials","10","NOT YET RECONCILED","NOT RUN",""
"BP-ADM-067","Master Blueprint §9.1","Compliance workspace must provide certifications","Compliance","certifications","10","NOT YET RECONCILED","NOT RUN",""
"BP-ADM-068","Master Blueprint §9.1","Compliance workspace must provide waivers","Compliance","waivers","10","NOT YET RECONCILED","NOT RUN",""
"BP-ADM-069","Master Blueprint §9.1","Compliance workspace must provide safeguarding","Compliance","safeguarding","07","NOT YET RECONCILED","NOT RUN",""
"BP-ADM-070","Master Blueprint §9.1","Compliance workspace must provide eligibility","Compliance","eligibility","10","NOT YET RECONCILED","NOT RUN",""
"BP-ADM-071","Master Blueprint §9.1","Compliance workspace must provide background checks","Compliance","background checks","08","NOT YET RECONCILED","NOT RUN",""
"BP-ADM-072","Master Blueprint §9.1","Compliance workspace must provide expirations","Compliance","expirations","10","NOT YET RECONCILED","NOT RUN",""
"BP-ADM-073","Master Blueprint §9.1","Compliance workspace must provide exceptions","Compliance","exceptions","12/13/14","NOT YET RECONCILED","NOT RUN",""
"BP-ADM-074","Master Blueprint §9.1","Compliance workspace must provide audit","Compliance","audit","12/13/14","NOT YET RECONCILED","NOT RUN",""
"BP-ADM-075","Master Blueprint §9.1","Reporting workspace must provide report center","Reporting","report center","11","NOT YET RECONCILED","NOT RUN",""
"BP-ADM-076","Master Blueprint §9.1","Reporting workspace must provide athletes","Reporting","athletes","05","NOT YET RECONCILED","NOT RUN",""
"BP-ADM-077","Master Blueprint §9.1","Reporting workspace must provide membership","Reporting","membership","03","NOT YET RECONCILED","NOT RUN",""
"BP-ADM-078","Master Blueprint §9.1","Reporting workspace must provide registration","Reporting","registration","04","NOT YET RECONCILED","NOT RUN",""
"BP-ADM-079","Master Blueprint §9.1","Reporting workspace must provide finance","Reporting","finance","07","NOT YET RECONCILED","NOT RUN",""
"BP-ADM-080","Master Blueprint §9.1","Reporting workspace must provide teams","Reporting","teams","12/13/14","NOT YET RECONCILED","NOT RUN",""
"BP-ADM-081","Master Blueprint §9.1","Reporting workspace must provide attendance","Reporting","attendance","05","NOT YET RECONCILED","NOT RUN",""
"BP-ADM-082","Master Blueprint §9.1","Reporting workspace must provide competition","Reporting","competition","06","NOT YET RECONCILED","NOT RUN",""
"BP-ADM-083","Master Blueprint §9.1","Reporting workspace must provide compliance","Reporting","compliance","10","NOT YET RECONCILED","NOT RUN",""
"BP-ADM-084","Master Blueprint §9.1","Reporting workspace must provide custom reports","Reporting","custom reports","11","NOT YET RECONCILED","NOT RUN",""
"BP-ADM-085","Master Blueprint §9.1","Reporting workspace must provide scheduled reports","Reporting","scheduled reports","11","NOT YET RECONCILED","NOT RUN",""
"BP-ADM-086","Master Blueprint §9.1","Reporting workspace must provide exports","Reporting","exports","11","NOT YET RECONCILED","NOT RUN",""
"ADM-UAT-001","Complete Admin UAT","Admin login succeeds and lands only in Admin experience","Applicable Admin role","Admin login succeeds and lands only in Admin experience","12/13/14","REQUIRED","NOT RUN",""
"ADM-UAT-002","Complete Admin UAT","Direct SuperUser URL is denied","Applicable Admin role","Direct SuperUser URL is denied","02","REQUIRED","NOT RUN",""
"ADM-UAT-003","Complete Admin UAT","Expired session fails safely","Applicable Admin role","Expired session fails safely","02","REQUIRED","NOT RUN",""
"ADM-UAT-004","Complete Admin UAT","Back button after logout does not expose protected data","Applicable Admin role","Back button after logout does not expose protected data","12/13/14","REQUIRED","NOT RUN",""
"ADM-UAT-005","Complete Admin UAT","Unauthorized API mutation is rejected","Applicable Admin role","Unauthorized API mutation is rejected","02","REQUIRED","NOT RUN",""
"ADM-UAT-006","Complete Admin UAT","Every Admin navigation item opens without 404/500","Applicable Admin role","Every Admin navigation item opens without 404/500","02","REQUIRED","NOT RUN",""
"ADM-UAT-007","Complete Admin UAT","Deep-link each Admin route and refresh","Applicable Admin role","Deep-link each Admin route and refresh","12/13/14","REQUIRED","NOT RUN",""
"ADM-UAT-008","Complete Admin UAT","Parent sections and child navigation resolve consistently","Applicable Admin role","Parent sections and child navigation resolve consistently","02","REQUIRED","NOT RUN",""
"ADM-UAT-009","Complete Admin UAT","Browser refresh preserves intended Admin view","Applicable Admin role","Browser refresh preserves intended Admin view","12/13/14","REQUIRED","NOT RUN",""
"ADM-UAT-010","Complete Admin UAT","Invalid Admin view fails gracefully without exposing another hub","Applicable Admin role","Invalid Admin view fails gracefully without exposing another hub","12/13/14","REQUIRED","NOT RUN",""
"ADM-UAT-011","Complete Admin UAT","Edit organization profile and verify persistence","Applicable Admin role","Edit organization profile and verify persistence","03","REQUIRED","NOT RUN",""
"ADM-UAT-012","Complete Admin UAT","Create a new team from zero","Applicable Admin role","Create a new team from zero","12/13/14","REQUIRED","NOT RUN",""
"ADM-UAT-013","Complete Admin UAT","Duplicate team submission","Applicable Admin role","Duplicate team submission","12/13/14","REQUIRED","NOT RUN",""
"ADM-UAT-014","Complete Admin UAT","Concurrent team edits","Applicable Admin role","Concurrent team edits","12/13/14","REQUIRED","NOT RUN",""
"ADM-UAT-015","Complete Admin UAT","Assign all intended Admin roles","Applicable Admin role","Assign all intended Admin roles","02","REQUIRED","NOT RUN",""
"ADM-UAT-016","Complete Admin UAT","Admin cannot grant SuperUser/platform authority","Applicable Admin role","Admin cannot grant SuperUser/platform authority","02","REQUIRED","NOT RUN",""
"ADM-UAT-017","Complete Admin UAT","Remove a role during active session","Applicable Admin role","Remove a role during active session","02","REQUIRED","NOT RUN",""
"ADM-UAT-018","Complete Admin UAT","Deleted/deactivated staff dependency","Applicable Admin role","Deleted/deactivated staff dependency","05","REQUIRED","NOT RUN",""
"ADM-UAT-019","Complete Admin UAT","Add athlete with complete valid data","Applicable Admin role","Add athlete with complete valid data","05","REQUIRED","NOT RUN",""
"ADM-UAT-020","Complete Admin UAT","Attempt incomplete athlete creation","Applicable Admin role","Attempt incomplete athlete creation","05","REQUIRED","NOT RUN",""
"ADM-UAT-021","Complete Admin UAT","Duplicate athlete detection","Applicable Admin role","Duplicate athlete detection","05","REQUIRED","NOT RUN",""
"ADM-UAT-022","Complete Admin UAT","Edit athlete while another Admin edits same athlete","Applicable Admin role","Edit athlete while another Admin edits same athlete","05","REQUIRED","NOT RUN",""
"ADM-UAT-023","Complete Admin UAT","Move athlete between squads/groups","Applicable Admin role","Move athlete between squads/groups","05","REQUIRED","NOT RUN",""
"ADM-UAT-024","Complete Admin UAT","Remove athlete with historical dependencies","Applicable Admin role","Remove athlete with historical dependencies","05","REQUIRED","NOT RUN",""
"ADM-UAT-025","Complete Admin UAT","Minor athlete requires correct guardian relationship","Applicable Admin role","Minor athlete requires correct guardian relationship","03","REQUIRED","NOT RUN",""
"ADM-UAT-026","Complete Admin UAT","Duplicate household/guardian relationships","Applicable Admin role","Duplicate household/guardian relationships","03","REQUIRED","NOT RUN",""
"ADM-UAT-027","Complete Admin UAT","Adult athlete path does not force minor guardian assumptions","Applicable Admin role","Adult athlete path does not force minor guardian assumptions","03","REQUIRED","NOT RUN",""
"ADM-UAT-028","Complete Admin UAT","Create registration/membership","Applicable Admin role","Create registration/membership","03","REQUIRED","NOT RUN",""
"ADM-UAT-029","Complete Admin UAT","Duplicate registration submission","Applicable Admin role","Duplicate registration submission","04","REQUIRED","NOT RUN",""
"ADM-UAT-030","Complete Admin UAT","Expired/ineligible membership","Applicable Admin role","Expired/ineligible membership","03","REQUIRED","NOT RUN",""
"ADM-UAT-031","Complete Admin UAT","Late change after dependent workflow exists","Applicable Admin role","Late change after dependent workflow exists","12/13/14","REQUIRED","NOT RUN",""
"ADM-UAT-032","Complete Admin UAT","Create facility/calendar event","Applicable Admin role","Create facility/calendar event","07","REQUIRED","NOT RUN",""
"ADM-UAT-033","Complete Admin UAT","Facility/time conflict","Applicable Admin role","Facility/time conflict","08","REQUIRED","NOT RUN",""
"ADM-UAT-034","Complete Admin UAT","Delete facility referenced by future events","Applicable Admin role","Delete facility referenced by future events","08","REQUIRED","NOT RUN",""
"ADM-UAT-035","Complete Admin UAT","Timezone/date boundary behavior","Applicable Admin role","Timezone/date boundary behavior","07","REQUIRED","NOT RUN",""
"ADM-UAT-036","Complete Admin UAT","Finance surfaces contain no fabricated balances/invoices","Applicable Admin role","Finance surfaces contain no fabricated balances/invoices","07","REQUIRED","NOT RUN",""
"ADM-UAT-037","Complete Admin UAT","Create/edit supported billing record","Applicable Admin role","Create/edit supported billing record","07","REQUIRED","NOT RUN",""
"ADM-UAT-038","Complete Admin UAT","Failed/declined payment path","Applicable Admin role","Failed/declined payment path","07","REQUIRED","NOT RUN",""
"ADM-UAT-039","Complete Admin UAT","Concurrent financial edit","Applicable Admin role","Concurrent financial edit","12/13/14","REQUIRED","NOT RUN",""
"ADM-UAT-040","Complete Admin UAT","Unauthorized financial remedy/approval","Applicable Admin role","Unauthorized financial remedy/approval","02","REQUIRED","NOT RUN",""
"ADM-UAT-041","Complete Admin UAT","Valid import creates expected canonical records","Applicable Admin role","Valid import creates expected canonical records","11","REQUIRED","NOT RUN",""
"ADM-UAT-042","Complete Admin UAT","Malformed import","Applicable Admin role","Malformed import","11","REQUIRED","NOT RUN",""
"ADM-UAT-043","Complete Admin UAT","Import with duplicates","Applicable Admin role","Import with duplicates","11","REQUIRED","NOT RUN",""
"ADM-UAT-044","Complete Admin UAT","Interrupted/retried import","Applicable Admin role","Interrupted/retried import","11","REQUIRED","NOT RUN",""
"ADM-UAT-045","Complete Admin UAT","Required consent/document status","Applicable Admin role","Required consent/document status","12/13/14","REQUIRED","NOT RUN",""
"ADM-UAT-046","Complete Admin UAT","Expired credential blocks dependent action where required","Applicable Admin role","Expired credential blocks dependent action where required","10","REQUIRED","NOT RUN",""
"ADM-UAT-047","Complete Admin UAT","Historical compliance evidence survives updates","Applicable Admin role","Historical compliance evidence survives updates","10","REQUIRED","NOT RUN",""
"ADM-UAT-048","Complete Admin UAT","Report reflects canonical records after changes","Applicable Admin role","Report reflects canonical records after changes","11","REQUIRED","NOT RUN",""
"ADM-UAT-049","Complete Admin UAT","Empty report is honest","Applicable Admin role","Empty report is honest","11","REQUIRED","NOT RUN",""
"ADM-UAT-050","Complete Admin UAT","Large/filter edge cases","Applicable Admin role","Large/filter edge cases","07","REQUIRED","NOT RUN",""
"ADM-UAT-051","Complete Admin UAT","Rapid double-click on create/save actions","Applicable Admin role","Rapid double-click on create/save actions","07","REQUIRED","NOT RUN",""
"ADM-UAT-052","Complete Admin UAT","Network loss during a write","Applicable Admin role","Network loss during a write","12/13/14","REQUIRED","NOT RUN",""
"ADM-UAT-053","Complete Admin UAT","Refresh during an in-progress workflow","Applicable Admin role","Refresh during an in-progress workflow","12/13/14","REQUIRED","NOT RUN",""
"ADM-UAT-054","Complete Admin UAT","Browser back/forward during multi-step workflow","Applicable Admin role","Browser back/forward during multi-step workflow","07","REQUIRED","NOT RUN",""
"ADM-UAT-055","Complete Admin UAT","Two Admin users perform related writes simultaneously","Applicable Admin role","Two Admin users perform related writes simultaneously","12/13/14","REQUIRED","NOT RUN",""
"ADM-UAT-056","Complete Admin UAT","Referenced dependency is deleted/deactivated mid-workflow","Applicable Admin role","Referenced dependency is deleted/deactivated mid-workflow","12/13/14","REQUIRED","NOT RUN",""
"ADM-UAT-057","Complete Admin UAT","Malformed/oversized text and special characters","Applicable Admin role","Malformed/oversized text and special characters","07","REQUIRED","NOT RUN",""
"ADM-UAT-058","Complete Admin UAT","Stale record open for a long time then saved","Applicable Admin role","Stale record open for a long time then saved","12/13/14","REQUIRED","NOT RUN",""
"ADM-UAT-059","Complete Admin UAT","Partial server failure after request begins","Applicable Admin role","Partial server failure after request begins","07","REQUIRED","NOT RUN",""
"ADM-UAT-060","Complete Admin UAT","Retry after timeout where original result is unknown","Applicable Admin role","Retry after timeout where original result is unknown","12/13/14","REQUIRED","NOT RUN",""
"ADM-GUIDE-001","Admin Guided Walkthrough","Login & Admin entry","Applicable Admin role","Login & Admin entry","12/13/14","REQUIRED","NOT RUN",""
"ADM-GUIDE-002","Admin Guided Walkthrough","Admin shell & navigation","Applicable Admin role","Admin shell & navigation","02","REQUIRED","NOT RUN",""
"ADM-GUIDE-003","Admin Guided Walkthrough","Command Center orientation","Applicable Admin role","Command Center orientation","02","REQUIRED","NOT RUN",""
"ADM-GUIDE-004","Admin Guided Walkthrough","Command Center create task","Applicable Admin role","Command Center create task","02","REQUIRED","NOT RUN",""
"ADM-GUIDE-005","Admin Guided Walkthrough","Command Center complete task","Applicable Admin role","Command Center complete task","02","REQUIRED","NOT RUN",""
"ADM-GUIDE-006","Admin Guided Walkthrough","Organization Architecture","Applicable Admin role","Organization Architecture","03","REQUIRED","NOT RUN",""
"ADM-GUIDE-007","Admin Guided Walkthrough","Team/Roster Manager roster","Applicable Admin role","Team/Roster Manager roster","05","REQUIRED","NOT RUN",""
"ADM-GUIDE-008","Admin Guided Walkthrough","Team/Roster Manager athlete drawer","Applicable Admin role","Team/Roster Manager athlete drawer","05","REQUIRED","NOT RUN",""
"ADM-GUIDE-009","Admin Guided Walkthrough","Team/Roster Manager Admin actions","Applicable Admin role","Team/Roster Manager Admin actions","05","REQUIRED","NOT RUN",""
"ADM-GUIDE-010","Admin Guided Walkthrough","Registrar","Applicable Admin role","Registrar","04","REQUIRED","NOT RUN",""
"ADM-GUIDE-011","Admin Guided Walkthrough","Rosters navigation surface","Applicable Admin role","Rosters navigation surface","02","REQUIRED","NOT RUN",""
"ADM-GUIDE-012","Admin Guided Walkthrough","Membership","Applicable Admin role","Membership","03","REQUIRED","NOT RUN",""
"ADM-GUIDE-013","Admin Guided Walkthrough","Programs","Applicable Admin role","Programs","03","REQUIRED","NOT RUN",""
"ADM-GUIDE-014","Admin Guided Walkthrough","Teams","Applicable Admin role","Teams","12/13/14","REQUIRED","NOT RUN",""
"ADM-GUIDE-015","Admin Guided Walkthrough","Seasons","Applicable Admin role","Seasons","03","REQUIRED","NOT RUN",""
"ADM-GUIDE-016","Admin Guided Walkthrough","Finance & Accounting","Applicable Admin role","Finance & Accounting","07","REQUIRED","NOT RUN",""
"ADM-GUIDE-017","Admin Guided Walkthrough","Billing","Applicable Admin role","Billing","07","REQUIRED","NOT RUN",""
"ADM-GUIDE-018","Admin Guided Walkthrough","Invoices","Applicable Admin role","Invoices","07","REQUIRED","NOT RUN",""
"ADM-GUIDE-019","Admin Guided Walkthrough","Payments","Applicable Admin role","Payments","07","REQUIRED","NOT RUN",""
"ADM-GUIDE-020","Admin Guided Walkthrough","Payroll","Applicable Admin role","Payroll","07","REQUIRED","NOT RUN",""
"ADM-GUIDE-021","Admin Guided Walkthrough","Facilities","Applicable Admin role","Facilities","08","REQUIRED","NOT RUN",""
"ADM-GUIDE-022","Admin Guided Walkthrough","Imports orientation","Applicable Admin role","Imports orientation","11","REQUIRED","NOT RUN",""
"ADM-GUIDE-023","Admin Guided Walkthrough","Imports successful test","Applicable Admin role","Imports successful test","11","REQUIRED","NOT RUN",""
"ADM-GUIDE-024","Admin Guided Walkthrough","Imports bad file","Applicable Admin role","Imports bad file","11","REQUIRED","NOT RUN",""
"ADM-GUIDE-025","Admin Guided Walkthrough","Compliance","Applicable Admin role","Compliance","10","REQUIRED","NOT RUN",""
"ADM-GUIDE-026","Admin Guided Walkthrough","Reporting","Applicable Admin role","Reporting","11","REQUIRED","NOT RUN",""
"ADM-GUIDE-027","Admin Guided Walkthrough","Admin-to-other-hub handoff","Applicable Admin role","Admin-to-other-hub handoff","12/13/14","REQUIRED","NOT RUN",""
"ADM-GUIDE-028","Admin Guided Walkthrough","End-of-session review","Applicable Admin role","End-of-session review","02","REQUIRED","NOT RUN",""
"AUTH-001","Admin Authority UAT","Open Admin normally","Admin-only tester","Authorization","02","REQUIRED","NOT RUN",""
"AUTH-002","Admin Authority UAT","Open every Admin navigation item","Admin-only tester","Authorization","02","REQUIRED","NOT RUN",""
"AUTH-003","Admin Authority UAT","Navigate directly to /superuser","Admin-only tester","Authorization","02","REQUIRED","NOT RUN",""
"AUTH-004","Admin Authority UAT","Attempt a SuperUser/platform mutation","Admin-only tester","Authorization","02","REQUIRED","NOT RUN",""
"AUTH-005","Admin Authority UAT","Attempt to grant herself SuperUser authority","Admin-only tester","Authorization","02","REQUIRED","NOT RUN",""
"AUTH-006","Admin Authority UAT","Perform legitimate Admin write","Admin-only tester","Authorization","02","REQUIRED","NOT RUN",""
"AUTH-007","Admin Authority UAT","Logout then browser Back","Admin-only tester","Authorization","02","REQUIRED","NOT RUN",""
"AUTH-008","Admin Authority UAT","Expire/revoke session during edit","Admin-only tester","Authorization","02","REQUIRED","NOT RUN",""
"AUTH-009","Admin Authority UAT","Role removed during active session","Admin-only tester","Authorization","02","REQUIRED","NOT RUN",""
"AUTH-010","Admin Authority UAT","Access sensitive finance/compliance actions","Admin-only tester","Authorization","02/07/10","REQUIRED","NOT RUN",""
"STRESS-001","Real-World Stress UAT","Incomplete required data","All applicable Admin roles","Cross-cutting","14","REQUIRED","NOT RUN",""
"STRESS-002","Real-World Stress UAT","Bad formats / special characters","All applicable Admin roles","Cross-cutting","14","REQUIRED","NOT RUN",""
"STRESS-003","Real-World Stress UAT","Duplicate submission","All applicable Admin roles","Cross-cutting","14","REQUIRED","NOT RUN",""
"STRESS-004","Real-World Stress UAT","Retry after timeout","All applicable Admin roles","Cross-cutting","14","REQUIRED","NOT RUN",""
"STRESS-005","Real-World Stress UAT","Network loss during save","All applicable Admin roles","Cross-cutting","14","REQUIRED","NOT RUN",""
"STRESS-006","Real-World Stress UAT","Refresh mid-workflow","All applicable Admin roles","Cross-cutting","14","REQUIRED","NOT RUN",""
"STRESS-007","Real-World Stress UAT","Browser Back/Forward","All applicable Admin roles","Cross-cutting","14","REQUIRED","NOT RUN",""
"STRESS-008","Real-World Stress UAT","Stale record","All applicable Admin roles","Cross-cutting","14","REQUIRED","NOT RUN",""
"STRESS-009","Real-World Stress UAT","Concurrent Admin edits","All applicable Admin roles","Cross-cutting","14","REQUIRED","NOT RUN",""
"STRESS-010","Real-World Stress UAT","Deleted/deactivated dependency","All applicable Admin roles","Cross-cutting","14","REQUIRED","NOT RUN",""
"STRESS-011","Real-World Stress UAT","Late change","All applicable Admin roles","Cross-cutting","14","REQUIRED","NOT RUN",""
"STRESS-012","Real-World Stress UAT","Expired session","All applicable Admin roles","Cross-cutting","14","REQUIRED","NOT RUN",""
"STRESS-013","Real-World Stress UAT","Unauthorized direct URL","All applicable Admin roles","Cross-cutting","14","REQUIRED","NOT RUN",""
"STRESS-014","Real-World Stress UAT","Malformed import","All applicable Admin roles","Cross-cutting","11/14","REQUIRED","NOT RUN",""
"STRESS-015","Real-World Stress UAT","Same import twice","All applicable Admin roles","Cross-cutting","11/14","REQUIRED","NOT RUN",""
"STRESS-016","Real-World Stress UAT","External dependency unavailable","All applicable Admin roles","Cross-cutting","11/14","REQUIRED","NOT RUN",""
"STRESS-017","Real-World Stress UAT","Partial transaction failure","All applicable Admin roles","Cross-cutting","11/14","REQUIRED","NOT RUN",""
"STRESS-018","Real-World Stress UAT","Large result set","All applicable Admin roles","Cross-cutting","14","REQUIRED","NOT RUN",""
"STRESS-019","Real-World Stress UAT","Zero/empty state","All applicable Admin roles","Cross-cutting","14","REQUIRED","NOT RUN",""
"STRESS-020","Real-World Stress UAT","Cross-organization isolation","All applicable Admin roles","Cross-cutting","14","REQUIRED","NOT RUN",""
"STRESS-021","Real-World Stress UAT","Cross-engine collateral","All applicable Admin roles","Cross-cutting","14","REQUIRED","NOT RUN",""
"ADM-GAP-001","Known Build Gaps","Organization Architecture hard-coded sample UI","Applicable Admin role","Organization Architecture hard-coded sample UI","03","OPEN","NOT RUN",""
"ADM-GAP-002","Known Build Gaps","Rosters dedicated view placeholder","Applicable Admin role","Rosters dedicated view placeholder","05","OPEN","NOT RUN",""
"ADM-GAP-003","Known Build Gaps","Membership placeholder","Applicable Admin role","Membership placeholder","03","OPEN","NOT RUN",""
"ADM-GAP-004","Known Build Gaps","Programs placeholder","Applicable Admin role","Programs placeholder","03","OPEN","NOT RUN",""
"ADM-GAP-005","Known Build Gaps","Teams missing canonical create/edit workflow","Applicable Admin role","Teams missing canonical create/edit workflow","12/13/14","OPEN","NOT RUN",""
"ADM-GAP-006","Known Build Gaps","Seasons placeholder","Applicable Admin role","Seasons placeholder","03","OPEN","NOT RUN",""
"ADM-GAP-007","Known Build Gaps","Registrar placeholder","Applicable Admin role","Registrar placeholder","04","OPEN","NOT RUN",""
"ADM-GAP-008","Known Build Gaps","Team Manager actions partial","Applicable Admin role","Team Manager actions partial","05","OPEN","NOT RUN",""
"ADM-GAP-009","Known Build Gaps","Finance canonical workflow not connected","Applicable Admin role","Finance canonical workflow not connected","07","OPEN","NOT RUN",""
"ADM-GAP-010","Known Build Gaps","Billing placeholder","Applicable Admin role","Billing placeholder","07","OPEN","NOT RUN",""
"ADM-GAP-011","Known Build Gaps","Invoices placeholder","Applicable Admin role","Invoices placeholder","07","OPEN","NOT RUN",""
"ADM-GAP-012","Known Build Gaps","Payments placeholder","Applicable Admin role","Payments placeholder","07","OPEN","NOT RUN",""
"ADM-GAP-013","Known Build Gaps","Payroll hard-coded sample UI","Applicable Admin role","Payroll hard-coded sample UI","07","OPEN","NOT RUN",""
"ADM-GAP-014","Known Build Gaps","Facilities hard-coded sample UI","Applicable Admin role","Facilities hard-coded sample UI","07","OPEN","NOT RUN",""
"ADM-GAP-015","Known Build Gaps","Imports requires ugly UAT","Applicable Admin role","Imports requires ugly UAT","11","OPEN","NOT RUN",""
"ADM-GAP-016","Known Build Gaps","Compliance hard-coded sample UI","Applicable Admin role","Compliance hard-coded sample UI","07","OPEN","NOT RUN",""
"ADM-GAP-017","Known Build Gaps","Reporting hard-coded sample UI","Applicable Admin role","Reporting hard-coded sample UI","07","OPEN","NOT RUN",""
"ADM-GAP-018","Known Build Gaps","Command Center requires authority/data/recovery UAT","Applicable Admin role","Command Center requires authority/data/recovery UAT","02","OPEN","NOT RUN",""
"SIGNOFF-001","UAT Sign-Off","Guided walkthrough complete","All Admin","Release gate","14","REQUIRED","NOT RUN",""
"SIGNOFF-002","UAT Sign-Off","Authority UAT complete","All Admin","Release gate","14","REQUIRED","NOT RUN",""
"SIGNOFF-003","UAT Sign-Off","Stress UAT complete","All Admin","Release gate","14","REQUIRED","NOT RUN",""
"SIGNOFF-004","UAT Sign-Off","All Critical findings resolved/retested","All Admin","Release gate","14","REQUIRED","NOT RUN",""
"SIGNOFF-005","UAT Sign-Off","All sample/fake Admin surfaces removed or explicitly excluded","All Admin","Release gate","14","REQUIRED","NOT RUN",""
"SIGNOFF-006","UAT Sign-Off","Sarah can perform intended Admin job without SuperUser","All Admin","Release gate","14","REQUIRED","NOT RUN",""